[
    {
        "from": "mike",
        "to": "aaaaaaaaaaa",
        "text": "aaaaaaadfdhfdfhdf",
        "timestamp": 1743886078,
        "unread": false
    },
    {
        "from": "aaaaaaaaaaa",
        "to": "mike",
        "text": "sup",
        "timestamp": 1743886114,
        "unread": false
    },
    {
        "from": "mike",
        "to": "aaaaaaaaaaa",
        "text": "afdfas",
        "timestamp": 1743886470,
        "unread": false
    },
    {
        "from": "mike",
        "to": "aaaaaaaaaaa",
        "text": "freeshavakado",
        "timestamp": 1743886682,
        "unread": false
    },
    {
        "from": "aaaaaaaaaaa",
        "to": "mike",
        "text": "hey mike",
        "timestamp": 1743888019,
        "unread": false
    },
    {
        "from": "mike",
        "to": "aaaaaaaaaaa",
        "text": "are you free",
        "timestamp": 1743888043,
        "unread": false
    },
    {
        "from": "aaaaaaaaaaa",
        "to": "mike",
        "text": "mike",
        "timestamp": 1743888433,
        "unread": false
    },
    {
        "from": "aaaaaaaaaaa",
        "to": "mike",
        "text": "goo",
        "timestamp": 1743888461,
        "unread": false
    },
    {
        "from": "mike",
        "to": "aaaaaaaaaaa",
        "text": "go crazy aaaa",
        "timestamp": 1743888579,
        "unread": false
    },
    {
        "from": "mike",
        "to": "aaaaaaaaaaa",
        "text": "alert test",
        "timestamp": 1743888969,
        "unread": false
    },
    {
        "from": "mike",
        "to": "aaaaaaaaaaa",
        "text": "test again",
        "timestamp": 1743889004,
        "unread": false
    }
]