[
    {
        "from": "take one take two",
        "to": "mike",
        "text": "hey mike",
        "timestamp": 1743955494,
        "unread": false
    },
    {
        "from": "take one take two",
        "to": "mike",
        "text": "yo",
        "timestamp": 1743955791,
        "unread": false
    },
    {
        "from": "mike",
        "to": "take one take two",
        "text": "Yo YO",
        "timestamp": 1743955860,
        "unread": false
    },
    {
        "from": "take one take two",
        "to": "mike",
        "text": "hey",
        "timestamp": 1743956205,
        "unread": false
    },
    {
        "from": "mike",
        "to": "take one take two",
        "text": "hey bro",
        "timestamp": 1743956498,
        "unread": false
    },
    {
        "from": "take one take two",
        "to": "mike",
        "text": "hey",
        "timestamp": 1743956522,
        "unread": false
    },
    {
        "from": "take one take two",
        "to": "mike",
        "text": "hey",
        "timestamp": 1743956553,
        "unread": false
    },
    {
        "from": "mike",
        "to": "take one take two",
        "text": "hello",
        "timestamp": 1743956599,
        "unread": false
    },
    {
        "from": "mike",
        "to": "take one take two",
        "text": "yoyo",
        "timestamp": 1743956994,
        "unread": false
    },
    {
        "from": "take one take two",
        "to": "mike",
        "text": "what's up",
        "timestamp": 1743957006,
        "unread": false
    },
    {
        "from": "take one take two",
        "to": "mike",
        "text": "you see this",
        "timestamp": 1743957020,
        "unread": false
    },
    {
        "from": "take one take two",
        "to": "mike",
        "text": "you see this",
        "timestamp": 1743957055,
        "unread": false
    },
    {
        "from": "mike",
        "to": "take one take two",
        "text": "yoyo",
        "timestamp": 1743957070,
        "unread": false
    },
    {
        "from": "mike",
        "to": "take one take two",
        "text": "what",
        "timestamp": 1743957079,
        "unread": false
    },
    {
        "from": "mike",
        "to": "take one take two",
        "text": "yo yo",
        "timestamp": 1743957084,
        "unread": false
    },
    {
        "from": "take one take two",
        "to": "mike",
        "text": "I'm sending messages now",
        "timestamp": 1743957102,
        "unread": false
    },
    {
        "from": "take one take two",
        "to": "mike",
        "text": "I'm sending some",
        "timestamp": 1743957106,
        "unread": false
    },
    {
        "from": "take one take two",
        "to": "mike",
        "text": "text",
        "timestamp": 1743957108,
        "unread": false
    },
    {
        "from": "take one take two",
        "to": "mike",
        "text": "text",
        "timestamp": 1743957152,
        "unread": false
    },
    {
        "from": "mike",
        "to": "take one take two",
        "text": "yo",
        "timestamp": 1743957167,
        "unread": false
    },
    {
        "from": "take one take two",
        "to": "mike",
        "text": "hey",
        "timestamp": 1743957799,
        "unread": false
    },
    {
        "from": "mike",
        "to": "take one take two",
        "text": "heey",
        "timestamp": 1743957811,
        "unread": false
    },
    {
        "from": "mike",
        "to": "take one take two",
        "text": "yo",
        "timestamp": 1743957826,
        "unread": false
    },
    {
        "from": "mike",
        "to": "take one take two",
        "text": "testing",
        "timestamp": 1743957850,
        "unread": false
    },
    {
        "from": "mike",
        "to": "take one take two",
        "text": "hey",
        "timestamp": 1743957862,
        "unread": false
    },
    {
        "from": "mike",
        "to": "take one take two",
        "text": "heyyyyyy",
        "timestamp": 1743958030,
        "unread": false
    },
    {
        "from": "mike",
        "to": "take one take two",
        "text": "mike",
        "timestamp": 1743958053,
        "unread": false
    },
    {
        "from": "take one take two",
        "to": "mike",
        "text": "heokoooo",
        "timestamp": 1743958072,
        "unread": false
    },
    {
        "from": "take one take two",
        "to": "mike",
        "text": "hi",
        "timestamp": 1743958091,
        "unread": false
    },
    {
        "from": "take one take two",
        "to": "mike",
        "text": "hiiiiii",
        "timestamp": 1743958118,
        "unread": false
    },
    {
        "from": "take one take two",
        "to": "mike",
        "text": "hihibi",
        "timestamp": 1743958134,
        "unread": false
    },
    {
        "from": "mike",
        "to": "take one take two",
        "text": "ahhhh",
        "timestamp": 1743958187,
        "unread": false
    },
    {
        "from": "mike",
        "to": "take one take two",
        "text": "aaaaaaa",
        "timestamp": 1743958197,
        "unread": false
    },
    {
        "from": "take one take two",
        "to": "mike",
        "text": "aaaaaa",
        "timestamp": 1743958468,
        "unread": false
    },
    {
        "from": "take one take two",
        "to": "mike",
        "text": "aaaaaa",
        "timestamp": 1743958483,
        "unread": false
    },
    {
        "from": "take one take two",
        "to": "mike",
        "text": "hhh",
        "timestamp": 1743958545,
        "unread": false
    },
    {
        "from": "mike",
        "to": "take one take two",
        "text": "asdfasdfadf",
        "timestamp": 1743958559,
        "unread": false
    },
    {
        "from": "take one take two",
        "to": "mike",
        "text": "yoo",
        "timestamp": 1743958756,
        "unread": false
    },
    {
        "from": "take one take two",
        "to": "mike",
        "text": "what's up man",
        "timestamp": 1743958775,
        "unread": false
    },
    {
        "from": "take one take two",
        "to": "mike",
        "text": "hey mike",
        "timestamp": 1743962330,
        "unread": false
    },
    {
        "from": "mike",
        "to": "take one take two",
        "text": "LIne\nBreak",
        "timestamp": 1743963262,
        "unread": false
    },
    {
        "from": "take one take two",
        "to": "mike",
        "text": "like",
        "timestamp": 1743963276,
        "unread": false
    },
    {
        "from": "take one take two",
        "to": "mike",
        "text": "like break",
        "timestamp": 1743963280,
        "unread": false
    },
    {
        "from": "take one take two",
        "to": "mike",
        "text": "line break",
        "timestamp": 1743963694,
        "unread": false
    }
]