{"67ebecff91e1b":{"id":"67ebecff91e1b","title":"Alpha Omega","user":"third level","x":480,"y":380},"67ec7757a0482":{"id":"67ec7757a0482","title":"Annex","user":"third level","x":8570,"y":393},"67ed6d8651deb":{"id":"67ed6d8651deb","title":"chatgpt","user":"dufflebag","x":1275,"y":176},"67ee4bff54c50":{"id":"67ee4bff54c50","title":"what\u2019s is most important","user":"cedric","x":441,"y":697},"67ee9824cb3df":{"id":"67ee9824cb3df","title":"food","user":"los","x":503,"y":890},"67ee99567ed1e":{"id":"67ee99567ed1e","title":"super top secret","user":"los","x":2202,"y":635},"67ee99df7d642":{"id":"67ee99df7d642","title":"outer region colony","user":"edenplus","x":7984,"y":49},"67ee9a6120980":{"id":"67ee9a6120980","title":"they don&#039;t want us to have a bigger pool than kanye","user":"edenplus","x":651,"y":476},"67ee9aebd3528":{"id":"67ee9aebd3528","title":"you can put a pin in a pin?","user":"edenplus","x":1163,"y":533},"67ee9b26d7398":{"id":"67ee9b26d7398","title":"the very edge","user":"losbroshombres","x":14750,"y":546},"67ee9da9b45a1":{"id":"67ee9da9b45a1","title":"the very corner","user":"los","x":14930,"y":970},"67eea22dbb93f":{"id":"67eea22dbb93f","title":"attendance","user":"los","x":156,"y":408},"67eebc3ae03a7":{"id":"67eebc3ae03a7","title":"ICE WALL","user":"scissor","x":14989,"y":520},"67ef1ebae56db":{"id":"67ef1ebae56db","title":"trenches","user":"citifiy","x":531,"y":599},"67ef1f0c5da2e":{"id":"67ef1f0c5da2e","title":"oblock","user":"citifiy","x":7504,"y":3796},"67ef283ee4f38":{"id":"67ef283ee4f38","title":"pit","user":"citifiy","x":1109,"y":324},"67ef67477c5d2":{"id":"67ef67477c5d2","title":"this cant be the end","user":"rambo","x":1362,"y":765},"67f0624aefd68":{"id":"67f0624aefd68","title":"One-Dimensional Abyss","user":"duty_performer","x":600,"y":288},"67f08a2f15d4f":{"id":"67f08a2f15d4f","title":"hammer test 2","user":"hammer tester","x":14733,"y":224},"67f1ef372b3cf":{"id":"67f1ef372b3cf","title":"music","user":"mike","x":190,"y":158},"67f3435401f3f":{"id":"67f3435401f3f","title":"the bermuda triangle","user":"spray","x":282,"y":89},"67f343a84ee07":{"id":"67f343a84ee07","title":"Rock and Roll","user":"redpendeathomen","x":937,"y":926},"67f34a6ebaffa":{"id":"67f34a6ebaffa","title":"meaning of life?","user":"hisiggy","x":1461,"y":824},"67f34af08d595":{"id":"67f34af08d595","title":"nyc","user":"hisiggy","x":825,"y":229},"67f34ec4b5eec":{"id":"67f34ec4b5eec","title":"Pluto","user":"Dogbite","x":14608,"y":448},"67f358713ae10":{"id":"67f358713ae10","title":"pin","user":"Pinn","x":1032,"y":657},"67f392004c862":{"id":"67f392004c862","title":"turner","user":"","x":100,"y":100},"67f3dd8d5a2d9":{"id":"67f3dd8d5a2d9","title":"bank of america","user":"spray","x":57,"y":20},"67f3e7831c951":{"id":"67f3e7831c951","title":"hi","user":"evilsaekimoney","x":14844,"y":467},"67f550dedd845":{"id":"67f550dedd845","title":"stuck in the middle","user":"mike","x":7297,"y":336},"67f55728e50a1":{"id":"67f55728e50a1","title":"Security Repository Box","user":"claires","x":1065,"y":91}}